{"throughput": 1024.635159352855, "total_tasks": 640, "num_nodes": 1, "workers_per_node": 64, "tasks_per_worker": 10, "total_time_to_launch": 0.5795390605926514, "total_time_to_complete": 0.62461256980896, "fileconfig": "config_injob_multiblock"}
{"throughput": 968.945206383336, "total_tasks": 6400, "num_nodes": 1, "workers_per_node": 64, "tasks_per_worker": 100, "total_time_to_launch": 6.1582794189453125, "total_time_to_complete": 6.605120658874512, "fileconfig": "config_injob_multiblock"}
{"throughput": 1006.6603914956683, "total_tasks": 1280, "num_nodes": 2, "workers_per_node": 64, "tasks_per_worker": 10, "total_time_to_launch": 1.1835811138153076, "total_time_to_complete": 1.271531105041504, "fileconfig": "config_injob_multiblock"}
{"throughput": 1002.8998658294231, "total_tasks": 12800, "num_nodes": 2, "workers_per_node": 64, "tasks_per_worker": 100, "total_time_to_launch": 11.909302234649658, "total_time_to_complete": 12.762989044189453, "fileconfig": "config_injob_multiblock"}
{"throughput": 1031.6140090358065, "total_tasks": 2560, "num_nodes": 4, "workers_per_node": 64, "tasks_per_worker": 10, "total_time_to_launch": 2.310469388961792, "total_time_to_complete": 2.481548309326172, "fileconfig": "config_injob_multiblock"}
{"throughput": 931.9285995004026, "total_tasks": 25600, "num_nodes": 4, "workers_per_node": 64, "tasks_per_worker": 100, "total_time_to_launch": 25.691779851913452, "total_time_to_complete": 27.469915628433228, "fileconfig": "config_injob_multiblock"}
{"throughput": 1025.947593672356, "total_tasks": 5120, "num_nodes": 8, "workers_per_node": 64, "tasks_per_worker": 10, "total_time_to_launch": 4.6546549797058105, "total_time_to_complete": 4.990508317947388, "fileconfig": "config_injob_multiblock"}
{"throughput": 873.1517013526026, "total_tasks": 51200, "num_nodes": 8, "workers_per_node": 64, "tasks_per_worker": 100, "total_time_to_launch": 55.17283320426941, "total_time_to_complete": 58.63814949989319, "fileconfig": "config_injob_multiblock"}
{"throughput": 847.3259168964821, "total_tasks": 10240, "num_nodes": 16, "workers_per_node": 64, "tasks_per_worker": 10, "total_time_to_launch": 10.376952171325684, "total_time_to_complete": 12.085078239440918, "fileconfig": "config_injob_multiblock"}
{"throughput": 778.7132459212507, "total_tasks": 102400, "num_nodes": 16, "workers_per_node": 64, "tasks_per_worker": 100, "total_time_to_launch": 124.53394985198975, "total_time_to_complete": 131.49898314476013, "fileconfig": "config_injob_multiblock"}
