{"throughput": 855.077180062996, "total_tasks": 20480, "num_nodes": 32, "workers_per_node": 64, "tasks_per_worker": 10, "total_time_to_launch": 22.048903942108154, "total_time_to_complete": 23.951054334640503, "fileconfig": "config_injob_multiblock"}
{"throughput": 831.5632325124099, "total_tasks": 204800, "num_nodes": 32, "workers_per_node": 64, "tasks_per_worker": 100, "total_time_to_launch": 232.6169397830963, "total_time_to_complete": 246.28313517570496, "fileconfig": "config_injob_multiblock"}
{"throughput": 859.4658345146368, "total_tasks": 40960, "num_nodes": 64, "workers_per_node": 64, "tasks_per_worker": 10, "total_time_to_launch": 43.760379791259766, "total_time_to_complete": 47.65750813484192, "fileconfig": "config_injob_multiblock"}
{"throughput": 871.9922432095638, "total_tasks": 409600, "num_nodes": 64, "workers_per_node": 64, "tasks_per_worker": 100, "total_time_to_launch": 441.48518347740173, "total_time_to_complete": 469.7289490699768, "fileconfig": "config_injob_multiblock"}
{"throughput": 779.919391630096, "total_tasks": 81920, "num_nodes": 128, "workers_per_node": 64, "tasks_per_worker": 10, "total_time_to_launch": 97.18831324577332, "total_time_to_complete": 105.03649592399597, "fileconfig": "config_injob_multiblock"}
{"throughput": 914.0154987846187, "total_tasks": 819200, "num_nodes": 128, "workers_per_node": 64, "tasks_per_worker": 100, "total_time_to_launch": 838.5811586380005, "total_time_to_complete": 896.2648894786835, "fileconfig": "config_injob_multiblock"}
{"throughput": 896.0723202422664, "total_tasks": 163840, "num_nodes": 256, "workers_per_node": 64, "tasks_per_worker": 10, "total_time_to_launch": 168.8137674331665, "total_time_to_complete": 182.84238481521606, "fileconfig": "config_injob_multiblock"}
{"throughput": 937.1347831968877, "total_tasks": 655360, "num_nodes": 1024, "workers_per_node": 64, "tasks_per_worker": 10, "total_time_to_launch": 638.5300238132477, "total_time_to_complete": 699.3230981826782, "fileconfig": "config_injob_multiblock"}
{"throughput": 3533.521612508334, "total_tasks": 655360, "num_nodes": 1024, "workers_per_node": 64, "tasks_per_worker": 10, "total_time_to_launch": 25.687731504440308, "total_time_to_complete": 185.46936225891113, "fileconfig": "config_injob_multiblock_no_logging"}
{"throughput": 2784.3407398127088, "total_tasks": 6553600, "num_nodes": 1024, "workers_per_node": 64, "tasks_per_worker": 100, "total_time_to_launch": 251.98723983764648, "total_time_to_complete": 2353.734909772873, "fileconfig": "config_injob_multiblock_no_logging"}
{"throughput": 3934.0580182142894, "total_tasks": 327680, "num_nodes": 512, "workers_per_node": 64, "tasks_per_worker": 10, "total_time_to_launch": 11.76568078994751, "total_time_to_complete": 83.293128490448, "fileconfig": "config_injob_multiblock_no_logging"}
{"throughput": 4198.3055073742735, "total_tasks": 3276800, "num_nodes": 512, "workers_per_node": 64, "tasks_per_worker": 100, "total_time_to_launch": 124.5837333202362, "total_time_to_complete": 780.5053715705872, "fileconfig": "config_injob_multiblock_no_logging"}
{"throughput": 3061.8747765196185, "total_tasks": 655360, "num_nodes": 1024, "workers_per_node": 64, "tasks_per_worker": 10, "total_time_to_launch": 24.624788999557495, "total_time_to_complete": 214.0387990474701, "fileconfig": "config_injob_multiblock_prefetch"}
{"throughput": 2733.329894457025, "total_tasks": 6553600, "num_nodes": 1024, "workers_per_node": 64, "tasks_per_worker": 100, "total_time_to_launch": 284.1123583316803, "total_time_to_complete": 2397.661553144455, "fileconfig": "config_injob_multiblock_no_logging", "task_duration": "0"}
{"throughput": 3397.273284343813, "total_tasks": 655360, "num_nodes": 1024, "workers_per_node": 64, "tasks_per_worker": 10, "total_time_to_launch": 24.410815000534058, "total_time_to_complete": 192.90764832496643, "fileconfig": "config_injob_multiblock_no_logging", "task_duration": "0"}
