{"throughput": 3926.638165080356, "total_tasks": 120, "num_nodes": 1, "workers_per_node": 12, "tasks_per_worker": 10, "total_time_to_launch": 0.007161378860473633, "total_time_to_complete": 0.03056049346923828, "latencies": [0.02, 0.017, 0.02, 0.021, 0.021, 0.023, 0.024, 0.026, 0.026, 0.027, 0.017, 0.017, 0.018, 0.028, 0.018, 0.019, 0.019, 0.028, 0.02, 0.019, 0.02, 0.02, 0.02, 0.02, 0.02, 0.02, 0.02, 0.02, 0.02, 0.021, 0.021, 0.021, 0.021, 0.021, 0.021, 0.021, 0.021, 0.021, 0.021, 0.021, 0.021, 0.021, 0.021, 0.021, 0.021, 0.021, 0.021, 0.021, 0.022, 0.022, 0.022, 0.022, 0.022, 0.022, 0.022, 0.022, 0.022, 0.022, 0.022, 0.022, 0.022, 0.022, 0.022, 0.022, 0.022, 0.022, 0.022, 0.022, 0.023, 0.022, 0.023, 0.022, 0.023, 0.023, 0.023, 0.023, 0.023, 0.023, 0.023, 0.023, 0.023, 0.023, 0.023, 0.023, 0.023, 0.023, 0.023, 0.023, 0.023, 0.023, 0.023, 0.023, 0.024, 0.023, 0.023, 0.023, 0.024, 0.024, 0.023, 0.023, 0.024, 0.024, 0.023, 0.024, 0.024, 0.024, 0.024, 0.025, 0.025, 0.025, 0.024, 0.024, 0.024, 0.024, 0.024, 0.025, 0.025, 0.025, 0.025, 0.023], "fileconfig": "config_variable_workers_no_logging_prefetch", "task_duration": "0", "run_dir": "/home/yadunand/aurora_scaling_2025/experiment_runs/runinfo/120"}
{"throughput": 11.962602321999846, "total_tasks": 120, "num_nodes": 1, "workers_per_node": 12, "tasks_per_worker": 10, "total_time_to_launch": 0.0035791397094726562, "total_time_to_complete": 10.031262159347534, "latencies": [1.02, 1.018, 1.022, 1.02, 1.021, 1.023, 1.023, 1.022, 1.024, 1.024, 1.024, 1.025, 2.018, 2.02, 2.02, 2.021, 2.022, 2.023, 2.023, 2.023, 2.025, 2.025, 2.025, 2.025, 3.019, 3.02, 3.02, 3.021, 3.022, 3.023, 3.024, 3.023, 3.025, 3.025, 3.025, 3.025, 4.019, 4.02, 4.021, 4.022, 4.023, 4.023, 4.024, 4.024, 4.025, 4.025, 4.025, 4.026, 5.019, 5.021, 5.021, 5.022, 5.023, 5.024, 5.024, 5.024, 5.026, 5.026, 5.026, 5.026, 6.02, 6.021, 6.022, 6.022, 6.024, 6.024, 6.025, 6.025, 6.026, 6.026, 6.026, 6.026, 7.02, 7.021, 7.022, 7.023, 7.024, 7.024, 7.025, 7.025, 7.026, 7.026, 7.026, 7.027, 8.02, 8.022, 8.022, 8.023, 8.024, 8.027, 8.027, 8.027, 8.027, 8.027, 8.027, 8.027, 9.021, 9.022, 9.023, 9.023, 9.024, 9.024, 9.026, 9.026, 9.026, 9.027, 9.026, 9.027, 10.021, 10.022, 10.023, 10.024, 10.024, 10.025, 10.026, 10.026, 10.027, 10.027, 10.027, 10.028], "fileconfig": "config_variable_workers_no_logging_prefetch", "task_duration": "1", "run_dir": "/home/yadunand/aurora_scaling_2025/experiment_runs/runinfo/121"}
{"throughput": 0.11999191655254998, "total_tasks": 60, "num_nodes": 1, "workers_per_node": 12, "tasks_per_worker": 5, "total_time_to_launch": 0.0024225711822509766, "total_time_to_complete": 500.0336833000183, "fileconfig": "config_variable_workers_no_logging_prefetch_12", "task_duration": "100", "run_dir": "/home/yadunand/aurora_scaling_2025/experiment_runs/runinfo/142"}
{"throughput": 0.11999273521537897, "total_tasks": 60, "num_nodes": 1, "workers_per_node": 12, "tasks_per_worker": 5, "total_time_to_launch": 0.0018224716186523438, "total_time_to_complete": 500.03027176856995, "fileconfig": "config_variable_workers_no_logging_no_prefetch", "task_duration": "100", "run_dir": "/home/yadunand/aurora_scaling_2025/experiment_runs/runinfo/143"}
