{"throughput": 2972.5061888119303, "total_tasks": 1228800, "num_nodes": 1024, "workers_per_node": 12, "tasks_per_worker": 100, "total_time_to_launch": 48.013264656066895, "total_time_to_complete": 413.38854217529297, "fileconfig": "config_12W_no_logging_prefetch", "task_duration": "0"}
{"throughput": 1772.7283643358971, "total_tasks": 1228800, "num_nodes": 1024, "workers_per_node": 12, "tasks_per_worker": 100, "total_time_to_launch": 48.40653848648071, "total_time_to_complete": 693.1688039302826, "fileconfig": "config_12W_no_logging_prefetch", "task_duration": "10"}
{"throughput": 2638.2151505059765, "total_tasks": 614400, "num_nodes": 512, "workers_per_node": 12, "tasks_per_worker": 100, "total_time_to_launch": 24.082254648208618, "total_time_to_complete": 232.8847212791443, "fileconfig": "config_12W_no_logging_prefetch", "task_duration": "0"}
{"throughput": 1126.3992067347708, "total_tasks": 614400, "num_nodes": 512, "workers_per_node": 12, "tasks_per_worker": 100, "total_time_to_launch": 23.526574850082397, "total_time_to_complete": 545.4549295902252, "fileconfig": "config_12W_no_logging_prefetch", "task_duration": "10"}
{"throughput": 4677.705060561385, "total_tasks": 307200, "num_nodes": 256, "workers_per_node": 12, "tasks_per_worker": 100, "total_time_to_launch": 11.467783212661743, "total_time_to_complete": 65.67322993278503, "fileconfig": "config_12W_no_logging_prefetch", "task_duration": "0"}
{"throughput": 589.7518759804453, "total_tasks": 307200, "num_nodes": 256, "workers_per_node": 12, "tasks_per_worker": 100, "total_time_to_launch": 10.666149377822876, "total_time_to_complete": 520.8970289230347, "fileconfig": "config_12W_no_logging_prefetch", "task_duration": "10"}
{"throughput": 7468.397649430154, "total_tasks": 153600, "num_nodes": 128, "workers_per_node": 12, "tasks_per_worker": 100, "total_time_to_launch": 5.174279451370239, "total_time_to_complete": 20.5666606426239, "fileconfig": "config_12W_no_logging_prefetch", "task_duration": "0"}
